{"cameraMode":{"drawMode":0,"name":"Shaded","section":"Shading Mode"},"sceneLighting":true,"audioPlay":false,"sceneViewState":{"showFog":true,"showMaterialUpdate":true,"showSkybox":true,"showFlares":true,"showImageEffects":true,"showParticleSystems":true},"in2DMode":false,"pivot":{"x":-7.920098304748535,"y":-0.01838141679763794,"z":0.22528451681137086},"rotation":{"x":-0.04517727717757225,"y":0.3017643988132477,"z":-0.014318309724330902,"w":-0.9522085785865784},"size":1.7373642921447755,"orthographic":false}